sensor_number;inverter_number;;Xsrn;Ysrn;Zsrn
1;1;;0,02;0,0153;0,6129
2;1;;2,02;0,0153;0,6129
3;1;;4,02;0,0153;0,6129
4;1;;6,02;0,0153;0,6129
5;1;;8,02;0,0153;0,6129
6;1;;10,02;0,0153;0,6129
7;1;;12,02;0,0153;0,6129
8;1;;14,02;0,0153;0,6129
9;1;;16,02;0,0153;0,6129
10;1;;18,02;0,0153;0,6129
11;1;;20,02;0,0153;0,6129
12;1;;22,02;0,0153;0,6129
13;1;;24,02;0,0153;0,6129
14;1;;26,02;0,0153;0,6129
15;1;;28,02;0,0153;0,6129
16;1;;30,02;0,0153;0,6129
17;1;;32,02;0,0153;0,6129
18;1;;34,02;0,0153;0,6129
19;1;;36,02;0,0153;0,6129
20;1;;38,02;0,0153;0,6129
21;1;;0,02;0,7814;1,2556
22;1;;2,02;0,7814;1,2556
23;1;;4,02;0,7814;1,2556
24;1;;6,02;0,7814;1,2556
25;1;;8,02;0,7814;1,2556
26;1;;10,02;0,7814;1,2556
27;1;;12,02;0,7814;1,2556
28;1;;14,02;0,7814;1,2556
29;1;;16,02;0,7814;1,2556
30;1;;18,02;0,7814;1,2556
31;1;;20,02;0,7814;1,2556
32;1;;22,02;0,7814;1,2556
33;1;;24,02;0,7814;1,2556
34;1;;26,02;0,7814;1,2556
35;1;;28,02;0,7814;1,2556
36;1;;30,02;0,7814;1,2556
37;1;;32,02;0,7814;1,2556
38;1;;34,02;0,7814;1,2556
39;1;;36,02;0,7814;1,2556
40;1;;38,02;0,7814;1,2556
41;2;;0,02;2,5474;0,6129
42;2;;2,02;2,5474;0,6129
43;2;;4,02;2,5474;0,6129
44;2;;6,02;2,5474;0,6129
45;2;;8,02;2,5474;0,6129
46;2;;10,02;2,5474;0,6129
47;2;;12,02;2,5474;0,6129
48;2;;14,02;2,5474;0,6129
49;2;;16,02;2,5474;0,6129
50;2;;18,02;2,5474;0,6129
51;2;;20,02;2,5474;0,6129
52;2;;22,02;2,5474;0,6129
53;2;;24,02;2,5474;0,6129
54;2;;26,02;2,5474;0,6129
55;2;;28,02;2,5474;0,6129
56;2;;30,02;2,5474;0,6129
57;2;;32,02;2,5474;0,6129
58;2;;34,02;2,5474;0,6129
59;2;;36,02;2,5474;0,6129
60;2;;38,02;2,5474;0,6129
61;2;;0,02;3,3135;1,2556
62;2;;2,02;3,3135;1,2556
63;2;;4,02;3,3135;1,2556
64;2;;6,02;3,3135;1,2556
65;2;;8,02;3,3135;1,2556
66;2;;10,02;3,3135;1,2556
67;2;;12,02;3,3135;1,2556
68;2;;14,02;3,3135;1,2556
69;2;;16,02;3,3135;1,2556
70;2;;18,02;3,3135;1,2556
71;2;;20,02;3,3135;1,2556
72;2;;22,02;3,3135;1,2556
73;2;;24,02;3,3135;1,2556
74;2;;26,02;3,3135;1,2556
75;2;;28,02;3,3135;1,2556
76;2;;30,02;3,3135;1,2556
77;2;;32,02;3,3135;1,2556
78;2;;34,02;3,3135;1,2556
79;2;;36,02;3,3135;1,2556
80;2;;38,02;3,3135;1,2556
81;3;;0,02;5,0795;0,6129
82;3;;2,02;5,0795;0,6129
83;3;;4,02;5,0795;0,6129
84;3;;6,02;5,0795;0,6129
85;3;;8,02;5,0795;0,6129
86;3;;10,02;5,0795;0,6129
87;3;;12,02;5,0795;0,6129
88;3;;14,02;5,0795;0,6129
89;3;;16,02;5,0795;0,6129
90;3;;18,02;5,0795;0,6129
91;3;;20,02;5,0795;0,6129
92;3;;22,02;5,0795;0,6129
93;3;;24,02;5,0795;0,6129
94;3;;26,02;5,0795;0,6129
95;3;;28,02;5,0795;0,6129
96;3;;30,02;5,0795;0,6129
97;3;;32,02;5,0795;0,6129
98;3;;34,02;5,0795;0,6129
99;3;;36,02;5,0795;0,6129
100;3;;38,02;5,0795;0,6129
101;3;;0,02;5,8455;1,2556
102;3;;2,02;5,8455;1,2556
103;3;;4,02;5,8455;1,2556
104;3;;6,02;5,8455;1,2556
105;3;;8,02;5,8455;1,2556
106;3;;10,02;5,8455;1,2556
107;3;;12,02;5,8455;1,2556
108;3;;14,02;5,8455;1,2556
109;3;;16,02;5,8455;1,2556
110;3;;18,02;5,8455;1,2556
111;3;;20,02;5,8455;1,2556
112;3;;22,02;5,8455;1,2556
113;3;;24,02;5,8455;1,2556
114;3;;26,02;5,8455;1,2556
115;3;;28,02;5,8455;1,2556
116;3;;30,02;5,8455;1,2556
117;3;;32,02;5,8455;1,2556
118;3;;34,02;5,8455;1,2556
119;3;;36,02;5,8455;1,2556
120;3;;38,02;5,8455;1,2556
121;4;;0,02;7,6116;0,6129
122;4;;2,02;7,6116;0,6129
123;4;;4,02;7,6116;0,6129
124;4;;6,02;7,6116;0,6129
125;4;;8,02;7,6116;0,6129
126;4;;10,02;7,6116;0,6129
127;4;;12,02;7,6116;0,6129
128;4;;14,02;7,6116;0,6129
129;4;;16,02;7,6116;0,6129
130;4;;18,02;7,6116;0,6129
131;4;;20,02;7,6116;0,6129
132;4;;22,02;7,6116;0,6129
133;4;;24,02;7,6116;0,6129
134;4;;26,02;7,6116;0,6129
135;4;;28,02;7,6116;0,6129
136;4;;30,02;7,6116;0,6129
137;4;;32,02;7,6116;0,6129
138;4;;34,02;7,6116;0,6129
139;4;;36,02;7,6116;0,6129
140;4;;38,02;7,6116;0,6129
141;4;;0,02;8,3776;1,2556
142;4;;2,02;8,3776;1,2556
143;4;;4,02;8,3776;1,2556
144;4;;6,02;8,3776;1,2556
145;4;;8,02;8,3776;1,2556
146;4;;10,02;8,3776;1,2556
147;4;;12,02;8,3776;1,2556
148;4;;14,02;8,3776;1,2556
149;4;;16,02;8,3776;1,2556
150;4;;18,02;8,3776;1,2556
151;4;;20,02;8,3776;1,2556
152;4;;22,02;8,3776;1,2556
153;4;;24,02;8,3776;1,2556
154;4;;26,02;8,3776;1,2556
155;4;;28,02;8,3776;1,2556
156;4;;30,02;8,3776;1,2556
157;4;;32,02;8,3776;1,2556
158;4;;34,02;8,3776;1,2556
159;4;;36,02;8,3776;1,2556
160;4;;38,02;8,3776;1,2556
161;5;;0,02;10,1437;0,6129
162;5;;2,02;10,1437;0,6129
163;5;;4,02;10,1437;0,6129
164;5;;6,02;10,1437;0,6129
165;5;;8,02;10,1437;0,6129
166;5;;10,02;10,1437;0,6129
167;5;;12,02;10,1437;0,6129
168;5;;14,02;10,1437;0,6129
169;5;;16,02;10,1437;0,6129
170;5;;18,02;10,1437;0,6129
171;5;;20,02;10,1437;0,6129
172;5;;22,02;10,1437;0,6129
173;5;;24,02;10,1437;0,6129
174;5;;26,02;10,1437;0,6129
175;5;;28,02;10,1437;0,6129
176;5;;30,02;10,1437;0,6129
177;5;;32,02;10,1437;0,6129
178;5;;34,02;10,1437;0,6129
179;5;;36,02;10,1437;0,6129
180;5;;38,02;10,1437;0,6129
181;5;;0,02;10,9097;1,2556
182;5;;2,02;10,9097;1,2556
183;5;;4,02;10,9097;1,2556
184;5;;6,02;10,9097;1,2556
185;5;;8,02;10,9097;1,2556
186;5;;10,02;10,9097;1,2556
187;5;;12,02;10,9097;1,2556
188;5;;14,02;10,9097;1,2556
189;5;;16,02;10,9097;1,2556
190;5;;18,02;10,9097;1,2556
191;5;;20,02;10,9097;1,2556
192;5;;22,02;10,9097;1,2556
193;5;;24,02;10,9097;1,2556
194;5;;26,02;10,9097;1,2556
195;5;;28,02;10,9097;1,2556
196;5;;30,02;10,9097;1,2556
197;5;;32,02;10,9097;1,2556
198;5;;34,02;10,9097;1,2556
199;5;;36,02;10,9097;1,2556
200;5;;38,02;10,9097;1,2556
201;6;;0,02;12,6758;0,6129
202;6;;2,02;12,6758;0,6129
203;6;;4,02;12,6758;0,6129
204;6;;6,02;12,6758;0,6129
205;6;;8,02;12,6758;0,6129
206;6;;10,02;12,6758;0,6129
207;6;;12,02;12,6758;0,6129
208;6;;14,02;12,6758;0,6129
209;6;;16,02;12,6758;0,6129
210;6;;18,02;12,6758;0,6129
211;6;;20,02;12,6758;0,6129
212;6;;22,02;12,6758;0,6129
213;6;;24,02;12,6758;0,6129
214;6;;26,02;12,6758;0,6129
215;6;;28,02;12,6758;0,6129
216;6;;30,02;12,6758;0,6129
217;6;;32,02;12,6758;0,6129
218;6;;34,02;12,6758;0,6129
219;6;;36,02;12,6758;0,6129
220;6;;38,02;12,6758;0,6129
221;6;;0,02;13,4418;1,2556
222;6;;2,02;13,4418;1,2556
223;6;;4,02;13,4418;1,2556
224;6;;6,02;13,4418;1,2556
225;6;;8,02;13,4418;1,2556
226;6;;10,02;13,4418;1,2556
227;6;;12,02;13,4418;1,2556
228;6;;14,02;13,4418;1,2556
229;6;;16,02;13,4418;1,2556
230;6;;18,02;13,4418;1,2556
231;6;;20,02;13,4418;1,2556
232;6;;22,02;13,4418;1,2556
233;6;;24,02;13,4418;1,2556
234;6;;26,02;13,4418;1,2556
235;6;;28,02;13,4418;1,2556
236;6;;30,02;13,4418;1,2556
237;6;;32,02;13,4418;1,2556
238;6;;34,02;13,4418;1,2556
239;6;;36,02;13,4418;1,2556
240;6;;38,02;13,4418;1,2556
241;7;;0,02;15,2079;0,6129
242;7;;2,02;15,2079;0,6129
243;7;;4,02;15,2079;0,6129
244;7;;6,02;15,2079;0,6129
245;7;;8,02;15,2079;0,6129
246;7;;10,02;15,2079;0,6129
247;7;;12,02;15,2079;0,6129
248;7;;14,02;15,2079;0,6129
249;7;;16,02;15,2079;0,6129
250;7;;18,02;15,2079;0,6129
251;7;;20,02;15,2079;0,6129
252;7;;22,02;15,2079;0,6129
253;7;;24,02;15,2079;0,6129
254;7;;26,02;15,2079;0,6129
255;7;;28,02;15,2079;0,6129
256;7;;30,02;15,2079;0,6129
257;7;;32,02;15,2079;0,6129
258;7;;34,02;15,2079;0,6129
259;7;;36,02;15,2079;0,6129
260;7;;38,02;15,2079;0,6129
261;7;;0,02;15,9739;1,2556
262;7;;2,02;15,9739;1,2556
263;7;;4,02;15,9739;1,2556
264;7;;6,02;15,9739;1,2556
265;7;;8,02;15,9739;1,2556
266;7;;10,02;15,9739;1,2556
267;7;;12,02;15,9739;1,2556
268;7;;14,02;15,9739;1,2556
269;7;;16,02;15,9739;1,2556
270;7;;18,02;15,9739;1,2556
271;7;;20,02;15,9739;1,2556
272;7;;22,02;15,9739;1,2556
273;7;;24,02;15,9739;1,2556
274;7;;26,02;15,9739;1,2556
275;7;;28,02;15,9739;1,2556
276;7;;30,02;15,9739;1,2556
277;7;;32,02;15,9739;1,2556
278;7;;34,02;15,9739;1,2556
279;7;;36,02;15,9739;1,2556
280;7;;38,02;15,9739;1,2556
281;8;;0,02;17,7399;0,6129
282;8;;2,02;17,7399;0,6129
283;8;;4,02;17,7399;0,6129
284;8;;6,02;17,7399;0,6129
285;8;;8,02;17,7399;0,6129
286;8;;10,02;17,7399;0,6129
287;8;;12,02;17,7399;0,6129
288;8;;14,02;17,7399;0,6129
289;8;;16,02;17,7399;0,6129
290;8;;18,02;17,7399;0,6129
291;8;;20,02;17,7399;0,6129
292;8;;22,02;17,7399;0,6129
293;8;;24,02;17,7399;0,6129
294;8;;26,02;17,7399;0,6129
295;8;;28,02;17,7399;0,6129
296;8;;30,02;17,7399;0,6129
297;8;;32,02;17,7399;0,6129
298;8;;34,02;17,7399;0,6129
299;8;;36,02;17,7399;0,6129
300;8;;38,02;17,7399;0,6129
301;8;;0,02;18,506;1,2556
302;8;;2,02;18,506;1,2556
303;8;;4,02;18,506;1,2556
304;8;;6,02;18,506;1,2556
305;8;;8,02;18,506;1,2556
306;8;;10,02;18,506;1,2556
307;8;;12,02;18,506;1,2556
308;8;;14,02;18,506;1,2556
309;8;;16,02;18,506;1,2556
310;8;;18,02;18,506;1,2556
311;8;;20,02;18,506;1,2556
312;8;;22,02;18,506;1,2556
313;8;;24,02;18,506;1,2556
314;8;;26,02;18,506;1,2556
315;8;;28,02;18,506;1,2556
316;8;;30,02;18,506;1,2556
317;8;;32,02;18,506;1,2556
318;8;;34,02;18,506;1,2556
319;8;;36,02;18,506;1,2556
320;8;;38,02;18,506;1,2556
321;9;;0,02;20,272;0,6129
322;9;;2,02;20,272;0,6129
323;9;;4,02;20,272;0,6129
324;9;;6,02;20,272;0,6129
325;9;;8,02;20,272;0,6129
326;9;;10,02;20,272;0,6129
327;9;;12,02;20,272;0,6129
328;9;;14,02;20,272;0,6129
329;9;;16,02;20,272;0,6129
330;9;;18,02;20,272;0,6129
331;9;;20,02;20,272;0,6129
332;9;;22,02;20,272;0,6129
333;9;;24,02;20,272;0,6129
334;9;;26,02;20,272;0,6129
335;9;;28,02;20,272;0,6129
336;9;;30,02;20,272;0,6129
337;9;;32,02;20,272;0,6129
338;9;;34,02;20,272;0,6129
339;9;;36,02;20,272;0,6129
340;9;;38,02;20,272;0,6129
341;9;;0,02;21,0381;1,2556
342;9;;2,02;21,0381;1,2556
343;9;;4,02;21,0381;1,2556
344;9;;6,02;21,0381;1,2556
345;9;;8,02;21,0381;1,2556
346;9;;10,02;21,0381;1,2556
347;9;;12,02;21,0381;1,2556
348;9;;14,02;21,0381;1,2556
349;9;;16,02;21,0381;1,2556
350;9;;18,02;21,0381;1,2556
351;9;;20,02;21,0381;1,2556
352;9;;22,02;21,0381;1,2556
353;9;;24,02;21,0381;1,2556
354;9;;26,02;21,0381;1,2556
355;9;;28,02;21,0381;1,2556
356;9;;30,02;21,0381;1,2556
357;9;;32,02;21,0381;1,2556
358;9;;34,02;21,0381;1,2556
359;9;;36,02;21,0381;1,2556
360;9;;38,02;21,0381;1,2556
361;10;;0,02;22,8041;0,6129
362;10;;2,02;22,8041;0,6129
363;10;;4,02;22,8041;0,6129
364;10;;6,02;22,8041;0,6129
365;10;;8,02;22,8041;0,6129
366;10;;10,02;22,8041;0,6129
367;10;;12,02;22,8041;0,6129
368;10;;14,02;22,8041;0,6129
369;10;;16,02;22,8041;0,6129
370;10;;18,02;22,8041;0,6129
371;10;;20,02;22,8041;0,6129
372;10;;22,02;22,8041;0,6129
373;10;;24,02;22,8041;0,6129
374;10;;26,02;22,8041;0,6129
375;10;;28,02;22,8041;0,6129
376;10;;30,02;22,8041;0,6129
377;10;;32,02;22,8041;0,6129
378;10;;34,02;22,8041;0,6129
379;10;;36,02;22,8041;0,6129
380;10;;38,02;22,8041;0,6129
381;10;;0,02;23,5702;1,2556
382;10;;2,02;23,5702;1,2556
383;10;;4,02;23,5702;1,2556
384;10;;6,02;23,5702;1,2556
385;10;;8,02;23,5702;1,2556
386;10;;10,02;23,5702;1,2556
387;10;;12,02;23,5702;1,2556
388;10;;14,02;23,5702;1,2556
389;10;;16,02;23,5702;1,2556
390;10;;18,02;23,5702;1,2556
391;10;;20,02;23,5702;1,2556
392;10;;22,02;23,5702;1,2556
393;10;;24,02;23,5702;1,2556
394;10;;26,02;23,5702;1,2556
395;10;;28,02;23,5702;1,2556
396;10;;30,02;23,5702;1,2556
397;10;;32,02;23,5702;1,2556
398;10;;34,02;23,5702;1,2556
399;10;;36,02;23,5702;1,2556
400;10;;38,02;23,5702;1,2556
401;11;;0,02;25,3362;0,6129
402;11;;2,02;25,3362;0,6129
403;11;;4,02;25,3362;0,6129
404;11;;6,02;25,3362;0,6129
405;11;;8,02;25,3362;0,6129
406;11;;10,02;25,3362;0,6129
407;11;;12,02;25,3362;0,6129
408;11;;14,02;25,3362;0,6129
409;11;;16,02;25,3362;0,6129
410;11;;18,02;25,3362;0,6129
411;11;;20,02;25,3362;0,6129
412;11;;22,02;25,3362;0,6129
413;11;;24,02;25,3362;0,6129
414;11;;26,02;25,3362;0,6129
415;11;;28,02;25,3362;0,6129
416;11;;30,02;25,3362;0,6129
417;11;;32,02;25,3362;0,6129
418;11;;34,02;25,3362;0,6129
419;11;;36,02;25,3362;0,6129
420;11;;38,02;25,3362;0,6129
421;11;;0,02;26,1023;1,2556
422;11;;2,02;26,1023;1,2556
423;11;;4,02;26,1023;1,2556
424;11;;6,02;26,1023;1,2556
425;11;;8,02;26,1023;1,2556
426;11;;10,02;26,1023;1,2556
427;11;;12,02;26,1023;1,2556
428;11;;14,02;26,1023;1,2556
429;11;;16,02;26,1023;1,2556
430;11;;18,02;26,1023;1,2556
431;11;;20,02;26,1023;1,2556
432;11;;22,02;26,1023;1,2556
433;11;;24,02;26,1023;1,2556
434;11;;26,02;26,1023;1,2556
435;11;;28,02;26,1023;1,2556
436;11;;30,02;26,1023;1,2556
437;11;;32,02;26,1023;1,2556
438;11;;34,02;26,1023;1,2556
439;11;;36,02;26,1023;1,2556
440;11;;38,02;26,1023;1,2556
441;12;;0,02;27,8683;0,6129
442;12;;2,02;27,8683;0,6129
443;12;;4,02;27,8683;0,6129
444;12;;6,02;27,8683;0,6129
445;12;;8,02;27,8683;0,6129
446;12;;10,02;27,8683;0,6129
447;12;;12,02;27,8683;0,6129
448;12;;14,02;27,8683;0,6129
449;12;;16,02;27,8683;0,6129
450;12;;18,02;27,8683;0,6129
451;12;;20,02;27,8683;0,6129
452;12;;22,02;27,8683;0,6129
453;12;;24,02;27,8683;0,6129
454;12;;26,02;27,8683;0,6129
455;12;;28,02;27,8683;0,6129
456;12;;30,02;27,8683;0,6129
457;12;;32,02;27,8683;0,6129
458;12;;34,02;27,8683;0,6129
459;12;;36,02;27,8683;0,6129
460;12;;38,02;27,8683;0,6129
461;12;;0,02;28,6343;1,2556
462;12;;2,02;28,6343;1,2556
463;12;;4,02;28,6343;1,2556
464;12;;6,02;28,6343;1,2556
465;12;;8,02;28,6343;1,2556
466;12;;10,02;28,6343;1,2556
467;12;;12,02;28,6343;1,2556
468;12;;14,02;28,6343;1,2556
469;12;;16,02;28,6343;1,2556
470;12;;18,02;28,6343;1,2556
471;12;;20,02;28,6343;1,2556
472;12;;22,02;28,6343;1,2556
473;12;;24,02;28,6343;1,2556
474;12;;26,02;28,6343;1,2556
475;12;;28,02;28,6343;1,2556
476;12;;30,02;28,6343;1,2556
477;12;;32,02;28,6343;1,2556
478;12;;34,02;28,6343;1,2556
479;12;;36,02;28,6343;1,2556
480;12;;38,02;28,6343;1,2556
481;13;;0,02;30,4004;0,6129
482;13;;2,02;30,4004;0,6129
483;13;;4,02;30,4004;0,6129
484;13;;6,02;30,4004;0,6129
485;13;;8,02;30,4004;0,6129
486;13;;10,02;30,4004;0,6129
487;13;;12,02;30,4004;0,6129
488;13;;14,02;30,4004;0,6129
489;13;;16,02;30,4004;0,6129
490;13;;18,02;30,4004;0,6129
491;13;;20,02;30,4004;0,6129
492;13;;22,02;30,4004;0,6129
493;13;;24,02;30,4004;0,6129
494;13;;26,02;30,4004;0,6129
495;13;;28,02;30,4004;0,6129
496;13;;30,02;30,4004;0,6129
497;13;;32,02;30,4004;0,6129
498;13;;34,02;30,4004;0,6129
499;13;;36,02;30,4004;0,6129
500;13;;38,02;30,4004;0,6129
501;13;;0,02;31,1664;1,2556
502;13;;2,02;31,1664;1,2556
503;13;;4,02;31,1664;1,2556
504;13;;6,02;31,1664;1,2556
505;13;;8,02;31,1664;1,2556
506;13;;10,02;31,1664;1,2556
507;13;;12,02;31,1664;1,2556
508;13;;14,02;31,1664;1,2556
509;13;;16,02;31,1664;1,2556
510;13;;18,02;31,1664;1,2556
511;13;;20,02;31,1664;1,2556
512;13;;22,02;31,1664;1,2556
513;13;;24,02;31,1664;1,2556
514;13;;26,02;31,1664;1,2556
515;13;;28,02;31,1664;1,2556
516;13;;30,02;31,1664;1,2556
517;13;;32,02;31,1664;1,2556
518;13;;34,02;31,1664;1,2556
519;13;;36,02;31,1664;1,2556
520;13;;38,02;31,1664;1,2556
521;14;;0,02;32,9325;0,6129
522;14;;2,02;32,9325;0,6129
523;14;;4,02;32,9325;0,6129
524;14;;6,02;32,9325;0,6129
525;14;;8,02;32,9325;0,6129
526;14;;10,02;32,9325;0,6129
527;14;;12,02;32,9325;0,6129
528;14;;14,02;32,9325;0,6129
529;14;;16,02;32,9325;0,6129
530;14;;18,02;32,9325;0,6129
531;14;;20,02;32,9325;0,6129
532;14;;22,02;32,9325;0,6129
533;14;;24,02;32,9325;0,6129
534;14;;26,02;32,9325;0,6129
535;14;;28,02;32,9325;0,6129
536;14;;30,02;32,9325;0,6129
537;14;;32,02;32,9325;0,6129
538;14;;34,02;32,9325;0,6129
539;14;;36,02;32,9325;0,6129
540;14;;38,02;32,9325;0,6129
541;14;;0,02;33,6985;1,2556
542;14;;2,02;33,6985;1,2556
543;14;;4,02;33,6985;1,2556
544;14;;6,02;33,6985;1,2556
545;14;;8,02;33,6985;1,2556
546;14;;10,02;33,6985;1,2556
547;14;;12,02;33,6985;1,2556
548;14;;14,02;33,6985;1,2556
549;14;;16,02;33,6985;1,2556
550;14;;18,02;33,6985;1,2556
551;14;;20,02;33,6985;1,2556
552;14;;22,02;33,6985;1,2556
553;14;;24,02;33,6985;1,2556
554;14;;26,02;33,6985;1,2556
555;14;;28,02;33,6985;1,2556
556;14;;30,02;33,6985;1,2556
557;14;;32,02;33,6985;1,2556
558;14;;34,02;33,6985;1,2556
559;14;;36,02;33,6985;1,2556
560;14;;38,02;33,6985;1,2556
561;15;;0,02;35,4646;0,6129
562;15;;2,02;35,4646;0,6129
563;15;;4,02;35,4646;0,6129
564;15;;6,02;35,4646;0,6129
565;15;;8,02;35,4646;0,6129
566;15;;10,02;35,4646;0,6129
567;15;;12,02;35,4646;0,6129
568;15;;14,02;35,4646;0,6129
569;15;;16,02;35,4646;0,6129
570;15;;18,02;35,4646;0,6129
571;15;;20,02;35,4646;0,6129
572;15;;22,02;35,4646;0,6129
573;15;;24,02;35,4646;0,6129
574;15;;26,02;35,4646;0,6129
575;15;;28,02;35,4646;0,6129
576;15;;30,02;35,4646;0,6129
577;15;;32,02;35,4646;0,6129
578;15;;34,02;35,4646;0,6129
579;15;;36,02;35,4646;0,6129
580;15;;38,02;35,4646;0,6129
581;15;;0,02;36,2306;1,2556
582;15;;2,02;36,2306;1,2556
583;15;;4,02;36,2306;1,2556
584;15;;6,02;36,2306;1,2556
585;15;;8,02;36,2306;1,2556
586;15;;10,02;36,2306;1,2556
587;15;;12,02;36,2306;1,2556
588;15;;14,02;36,2306;1,2556
589;15;;16,02;36,2306;1,2556
590;15;;18,02;36,2306;1,2556
591;15;;20,02;36,2306;1,2556
592;15;;22,02;36,2306;1,2556
593;15;;24,02;36,2306;1,2556
594;15;;26,02;36,2306;1,2556
595;15;;28,02;36,2306;1,2556
596;15;;30,02;36,2306;1,2556
597;15;;32,02;36,2306;1,2556
598;15;;34,02;36,2306;1,2556
599;15;;36,02;36,2306;1,2556
600;15;;38,02;36,2306;1,2556
601;16;;0,02;37,9967;0,6129
602;16;;2,02;37,9967;0,6129
603;16;;4,02;37,9967;0,6129
604;16;;6,02;37,9967;0,6129
605;16;;8,02;37,9967;0,6129
606;16;;10,02;37,9967;0,6129
607;16;;12,02;37,9967;0,6129
608;16;;14,02;37,9967;0,6129
609;16;;16,02;37,9967;0,6129
610;16;;18,02;37,9967;0,6129
611;16;;20,02;37,9967;0,6129
612;16;;22,02;37,9967;0,6129
613;16;;24,02;37,9967;0,6129
614;16;;26,02;37,9967;0,6129
615;16;;28,02;37,9967;0,6129
616;16;;30,02;37,9967;0,6129
617;16;;32,02;37,9967;0,6129
618;16;;34,02;37,9967;0,6129
619;16;;36,02;37,9967;0,6129
620;16;;38,02;37,9967;0,6129
621;16;;0,02;38,7627;1,2556
622;16;;2,02;38,7627;1,2556
623;16;;4,02;38,7627;1,2556
624;16;;6,02;38,7627;1,2556
625;16;;8,02;38,7627;1,2556
626;16;;10,02;38,7627;1,2556
627;16;;12,02;38,7627;1,2556
628;16;;14,02;38,7627;1,2556
629;16;;16,02;38,7627;1,2556
630;16;;18,02;38,7627;1,2556
631;16;;20,02;38,7627;1,2556
632;16;;22,02;38,7627;1,2556
633;16;;24,02;38,7627;1,2556
634;16;;26,02;38,7627;1,2556
635;16;;28,02;38,7627;1,2556
636;16;;30,02;38,7627;1,2556
637;16;;32,02;38,7627;1,2556
638;16;;34,02;38,7627;1,2556
639;16;;36,02;38,7627;1,2556
640;16;;38,02;38,7627;1,2556
641;17;;0,02;40,5287;0,6129
642;17;;2,02;40,5287;0,6129
643;17;;4,02;40,5287;0,6129
644;17;;6,02;40,5287;0,6129
645;17;;8,02;40,5287;0,6129
646;17;;10,02;40,5287;0,6129
647;17;;12,02;40,5287;0,6129
648;17;;14,02;40,5287;0,6129
649;17;;16,02;40,5287;0,6129
650;17;;18,02;40,5287;0,6129
651;17;;20,02;40,5287;0,6129
652;17;;22,02;40,5287;0,6129
653;17;;24,02;40,5287;0,6129
654;17;;26,02;40,5287;0,6129
655;17;;28,02;40,5287;0,6129
656;17;;30,02;40,5287;0,6129
657;17;;32,02;40,5287;0,6129
658;17;;34,02;40,5287;0,6129
659;17;;36,02;40,5287;0,6129
660;17;;38,02;40,5287;0,6129
661;17;;0,02;41,2948;1,2556
662;17;;2,02;41,2948;1,2556
663;17;;4,02;41,2948;1,2556
664;17;;6,02;41,2948;1,2556
665;17;;8,02;41,2948;1,2556
666;17;;10,02;41,2948;1,2556
667;17;;12,02;41,2948;1,2556
668;17;;14,02;41,2948;1,2556
669;17;;16,02;41,2948;1,2556
670;17;;18,02;41,2948;1,2556
671;17;;20,02;41,2948;1,2556
672;17;;22,02;41,2948;1,2556
673;17;;24,02;41,2948;1,2556
674;17;;26,02;41,2948;1,2556
675;17;;28,02;41,2948;1,2556
676;17;;30,02;41,2948;1,2556
677;17;;32,02;41,2948;1,2556
678;17;;34,02;41,2948;1,2556
679;17;;36,02;41,2948;1,2556
680;17;;38,02;41,2948;1,2556
681;18;;0,02;43,0608;0,6129
682;18;;2,02;43,0608;0,6129
683;18;;4,02;43,0608;0,6129
684;18;;6,02;43,0608;0,6129
685;18;;8,02;43,0608;0,6129
686;18;;10,02;43,0608;0,6129
687;18;;12,02;43,0608;0,6129
688;18;;14,02;43,0608;0,6129
689;18;;16,02;43,0608;0,6129
690;18;;18,02;43,0608;0,6129
691;18;;20,02;43,0608;0,6129
692;18;;22,02;43,0608;0,6129
693;18;;24,02;43,0608;0,6129
694;18;;26,02;43,0608;0,6129
695;18;;28,02;43,0608;0,6129
696;18;;30,02;43,0608;0,6129
697;18;;32,02;43,0608;0,6129
698;18;;34,02;43,0608;0,6129
699;18;;36,02;43,0608;0,6129
700;18;;38,02;43,0608;0,6129
701;18;;0,02;43,8269;1,2556
702;18;;2,02;43,8269;1,2556
703;18;;4,02;43,8269;1,2556
704;18;;6,02;43,8269;1,2556
705;18;;8,02;43,8269;1,2556
706;18;;10,02;43,8269;1,2556
707;18;;12,02;43,8269;1,2556
708;18;;14,02;43,8269;1,2556
709;18;;16,02;43,8269;1,2556
710;18;;18,02;43,8269;1,2556
711;18;;20,02;43,8269;1,2556
712;18;;22,02;43,8269;1,2556
713;18;;24,02;43,8269;1,2556
714;18;;26,02;43,8269;1,2556
715;18;;28,02;43,8269;1,2556
716;18;;30,02;43,8269;1,2556
717;18;;32,02;43,8269;1,2556
718;18;;34,02;43,8269;1,2556
719;18;;36,02;43,8269;1,2556
720;18;;38,02;43,8269;1,2556
721;19;;0,02;45,5929;0,6129
722;19;;2,02;45,5929;0,6129
723;19;;4,02;45,5929;0,6129
724;19;;6,02;45,5929;0,6129
725;19;;8,02;45,5929;0,6129
726;19;;10,02;45,5929;0,6129
727;19;;12,02;45,5929;0,6129
728;19;;14,02;45,5929;0,6129
729;19;;16,02;45,5929;0,6129
730;19;;18,02;45,5929;0,6129
731;19;;20,02;45,5929;0,6129
732;19;;22,02;45,5929;0,6129
733;19;;24,02;45,5929;0,6129
734;19;;26,02;45,5929;0,6129
735;19;;28,02;45,5929;0,6129
736;19;;30,02;45,5929;0,6129
737;19;;32,02;45,5929;0,6129
738;19;;34,02;45,5929;0,6129
739;19;;36,02;45,5929;0,6129
740;19;;38,02;45,5929;0,6129
741;19;;0,02;46,359;1,2556
742;19;;2,02;46,359;1,2556
743;19;;4,02;46,359;1,2556
744;19;;6,02;46,359;1,2556
745;19;;8,02;46,359;1,2556
746;19;;10,02;46,359;1,2556
747;19;;12,02;46,359;1,2556
748;19;;14,02;46,359;1,2556
749;19;;16,02;46,359;1,2556
750;19;;18,02;46,359;1,2556
751;19;;20,02;46,359;1,2556
752;19;;22,02;46,359;1,2556
753;19;;24,02;46,359;1,2556
754;19;;26,02;46,359;1,2556
755;19;;28,02;46,359;1,2556
756;19;;30,02;46,359;1,2556
757;19;;32,02;46,359;1,2556
758;19;;34,02;46,359;1,2556
759;19;;36,02;46,359;1,2556
760;19;;38,02;46,359;1,2556
761;20;;0,02;48,125;0,6129
762;20;;2,02;48,125;0,6129
763;20;;4,02;48,125;0,6129
764;20;;6,02;48,125;0,6129
765;20;;8,02;48,125;0,6129
766;20;;10,02;48,125;0,6129
767;20;;12,02;48,125;0,6129
768;20;;14,02;48,125;0,6129
769;20;;16,02;48,125;0,6129
770;20;;18,02;48,125;0,6129
771;20;;20,02;48,125;0,6129
772;20;;22,02;48,125;0,6129
773;20;;24,02;48,125;0,6129
774;20;;26,02;48,125;0,6129
775;20;;28,02;48,125;0,6129
776;20;;30,02;48,125;0,6129
777;20;;32,02;48,125;0,6129
778;20;;34,02;48,125;0,6129
779;20;;36,02;48,125;0,6129
780;20;;38,02;48,125;0,6129
781;20;;0,02;48,8911;1,2556
782;20;;2,02;48,8911;1,2556
783;20;;4,02;48,8911;1,2556
784;20;;6,02;48,8911;1,2556
785;20;;8,02;48,8911;1,2556
786;20;;10,02;48,8911;1,2556
787;20;;12,02;48,8911;1,2556
788;20;;14,02;48,8911;1,2556
789;20;;16,02;48,8911;1,2556
790;20;;18,02;48,8911;1,2556
791;20;;20,02;48,8911;1,2556
792;20;;22,02;48,8911;1,2556
793;20;;24,02;48,8911;1,2556
794;20;;26,02;48,8911;1,2556
795;20;;28,02;48,8911;1,2556
796;20;;30,02;48,8911;1,2556
797;20;;32,02;48,8911;1,2556
798;20;;34,02;48,8911;1,2556
799;20;;36,02;48,8911;1,2556
800;20;;38,02;48,8911;1,2556
801;21;;0,02;50,6571;0,6129
802;21;;2,02;50,6571;0,6129
803;21;;4,02;50,6571;0,6129
804;21;;6,02;50,6571;0,6129
805;21;;8,02;50,6571;0,6129
806;21;;10,02;50,6571;0,6129
807;21;;12,02;50,6571;0,6129
808;21;;14,02;50,6571;0,6129
809;21;;16,02;50,6571;0,6129
810;21;;18,02;50,6571;0,6129
811;21;;20,02;50,6571;0,6129
812;21;;22,02;50,6571;0,6129
813;21;;24,02;50,6571;0,6129
814;21;;26,02;50,6571;0,6129
815;21;;28,02;50,6571;0,6129
816;21;;30,02;50,6571;0,6129
817;21;;32,02;50,6571;0,6129
818;21;;34,02;50,6571;0,6129
819;21;;36,02;50,6571;0,6129
820;21;;38,02;50,6571;0,6129
821;21;;0,02;51,4231;1,2556
822;21;;2,02;51,4231;1,2556
823;21;;4,02;51,4231;1,2556
824;21;;6,02;51,4231;1,2556
825;21;;8,02;51,4231;1,2556
826;21;;10,02;51,4231;1,2556
827;21;;12,02;51,4231;1,2556
828;21;;14,02;51,4231;1,2556
829;21;;16,02;51,4231;1,2556
830;21;;18,02;51,4231;1,2556
831;21;;20,02;51,4231;1,2556
832;21;;22,02;51,4231;1,2556
833;21;;24,02;51,4231;1,2556
834;21;;26,02;51,4231;1,2556
835;21;;28,02;51,4231;1,2556
836;21;;30,02;51,4231;1,2556
837;21;;32,02;51,4231;1,2556
838;21;;34,02;51,4231;1,2556
839;21;;36,02;51,4231;1,2556
840;21;;38,02;51,4231;1,2556
841;22;;0,02;53,1892;0,6129
842;22;;2,02;53,1892;0,6129
843;22;;4,02;53,1892;0,6129
844;22;;6,02;53,1892;0,6129
845;22;;8,02;53,1892;0,6129
846;22;;10,02;53,1892;0,6129
847;22;;12,02;53,1892;0,6129
848;22;;14,02;53,1892;0,6129
849;22;;16,02;53,1892;0,6129
850;22;;18,02;53,1892;0,6129
851;22;;20,02;53,1892;0,6129
852;22;;22,02;53,1892;0,6129
853;22;;24,02;53,1892;0,6129
854;22;;26,02;53,1892;0,6129
855;22;;28,02;53,1892;0,6129
856;22;;30,02;53,1892;0,6129
857;22;;32,02;53,1892;0,6129
858;22;;34,02;53,1892;0,6129
859;22;;36,02;53,1892;0,6129
860;22;;38,02;53,1892;0,6129
861;22;;0,02;53,9552;1,2556
862;22;;2,02;53,9552;1,2556
863;22;;4,02;53,9552;1,2556
864;22;;6,02;53,9552;1,2556
865;22;;8,02;53,9552;1,2556
866;22;;10,02;53,9552;1,2556
867;22;;12,02;53,9552;1,2556
868;22;;14,02;53,9552;1,2556
869;22;;16,02;53,9552;1,2556
870;22;;18,02;53,9552;1,2556
871;22;;20,02;53,9552;1,2556
872;22;;22,02;53,9552;1,2556
873;22;;24,02;53,9552;1,2556
874;22;;26,02;53,9552;1,2556
875;22;;28,02;53,9552;1,2556
876;22;;30,02;53,9552;1,2556
877;22;;32,02;53,9552;1,2556
878;22;;34,02;53,9552;1,2556
879;22;;36,02;53,9552;1,2556
880;22;;38,02;53,9552;1,2556
881;23;;0,02;55,7213;0,6129
882;23;;2,02;55,7213;0,6129
883;23;;4,02;55,7213;0,6129
884;23;;6,02;55,7213;0,6129
885;23;;8,02;55,7213;0,6129
886;23;;10,02;55,7213;0,6129
887;23;;12,02;55,7213;0,6129
888;23;;14,02;55,7213;0,6129
889;23;;16,02;55,7213;0,6129
890;23;;18,02;55,7213;0,6129
891;23;;20,02;55,7213;0,6129
892;23;;22,02;55,7213;0,6129
893;23;;24,02;55,7213;0,6129
894;23;;26,02;55,7213;0,6129
895;23;;28,02;55,7213;0,6129
896;23;;30,02;55,7213;0,6129
897;23;;32,02;55,7213;0,6129
898;23;;34,02;55,7213;0,6129
899;23;;36,02;55,7213;0,6129
900;23;;38,02;55,7213;0,6129
901;23;;0,02;56,4873;1,2556
902;23;;2,02;56,4873;1,2556
903;23;;4,02;56,4873;1,2556
904;23;;6,02;56,4873;1,2556
905;23;;8,02;56,4873;1,2556
906;23;;10,02;56,4873;1,2556
907;23;;12,02;56,4873;1,2556
908;23;;14,02;56,4873;1,2556
909;23;;16,02;56,4873;1,2556
910;23;;18,02;56,4873;1,2556
911;23;;20,02;56,4873;1,2556
912;23;;22,02;56,4873;1,2556
913;23;;24,02;56,4873;1,2556
914;23;;26,02;56,4873;1,2556
915;23;;28,02;56,4873;1,2556
916;23;;30,02;56,4873;1,2556
917;23;;32,02;56,4873;1,2556
918;23;;34,02;56,4873;1,2556
919;23;;36,02;56,4873;1,2556
920;23;;38,02;56,4873;1,2556
921;24;;0,02;58,2534;0,6129
922;24;;2,02;58,2534;0,6129
923;24;;4,02;58,2534;0,6129
924;24;;6,02;58,2534;0,6129
925;24;;8,02;58,2534;0,6129
926;24;;10,02;58,2534;0,6129
927;24;;12,02;58,2534;0,6129
928;24;;14,02;58,2534;0,6129
929;24;;16,02;58,2534;0,6129
930;24;;18,02;58,2534;0,6129
931;24;;20,02;58,2534;0,6129
932;24;;22,02;58,2534;0,6129
933;24;;24,02;58,2534;0,6129
934;24;;26,02;58,2534;0,6129
935;24;;28,02;58,2534;0,6129
936;24;;30,02;58,2534;0,6129
937;24;;32,02;58,2534;0,6129
938;24;;34,02;58,2534;0,6129
939;24;;36,02;58,2534;0,6129
940;24;;38,02;58,2534;0,6129
941;24;;0,02;59,0194;1,2556
942;24;;2,02;59,0194;1,2556
943;24;;4,02;59,0194;1,2556
944;24;;6,02;59,0194;1,2556
945;24;;8,02;59,0194;1,2556
946;24;;10,02;59,0194;1,2556
947;24;;12,02;59,0194;1,2556
948;24;;14,02;59,0194;1,2556
949;24;;16,02;59,0194;1,2556
950;24;;18,02;59,0194;1,2556
951;24;;20,02;59,0194;1,2556
952;24;;22,02;59,0194;1,2556
953;24;;24,02;59,0194;1,2556
954;24;;26,02;59,0194;1,2556
955;24;;28,02;59,0194;1,2556
956;24;;30,02;59,0194;1,2556
957;24;;32,02;59,0194;1,2556
958;24;;34,02;59,0194;1,2556
959;24;;36,02;59,0194;1,2556
960;24;;38,02;59,0194;1,2556
961;25;;0,02;60,7855;0,6129
962;25;;2,02;60,7855;0,6129
963;25;;4,02;60,7855;0,6129
964;25;;6,02;60,7855;0,6129
965;25;;8,02;60,7855;0,6129
966;25;;10,02;60,7855;0,6129
967;25;;12,02;60,7855;0,6129
968;25;;14,02;60,7855;0,6129
969;25;;16,02;60,7855;0,6129
970;25;;18,02;60,7855;0,6129
971;25;;20,02;60,7855;0,6129
972;25;;22,02;60,7855;0,6129
973;25;;24,02;60,7855;0,6129
974;25;;26,02;60,7855;0,6129
975;25;;28,02;60,7855;0,6129
976;25;;30,02;60,7855;0,6129
977;25;;32,02;60,7855;0,6129
978;25;;34,02;60,7855;0,6129
979;25;;36,02;60,7855;0,6129
980;25;;38,02;60,7855;0,6129
981;25;;0,02;61,5515;1,2556
982;25;;2,02;61,5515;1,2556
983;25;;4,02;61,5515;1,2556
984;25;;6,02;61,5515;1,2556
985;25;;8,02;61,5515;1,2556
986;25;;10,02;61,5515;1,2556
987;25;;12,02;61,5515;1,2556
988;25;;14,02;61,5515;1,2556
989;25;;16,02;61,5515;1,2556
990;25;;18,02;61,5515;1,2556
991;25;;20,02;61,5515;1,2556
992;25;;22,02;61,5515;1,2556
993;25;;24,02;61,5515;1,2556
994;25;;26,02;61,5515;1,2556
995;25;;28,02;61,5515;1,2556
996;25;;30,02;61,5515;1,2556
997;25;;32,02;61,5515;1,2556
998;25;;34,02;61,5515;1,2556
999;25;;36,02;61,5515;1,2556
1000;25;;38,02;61,5515;1,2556
1001;26;;0,02;63,3175;0,6129
1002;26;;2,02;63,3175;0,6129
1003;26;;4,02;63,3175;0,6129
1004;26;;6,02;63,3175;0,6129
1005;26;;8,02;63,3175;0,6129
1006;26;;10,02;63,3175;0,6129
1007;26;;12,02;63,3175;0,6129
1008;26;;14,02;63,3175;0,6129
1009;26;;16,02;63,3175;0,6129
1010;26;;18,02;63,3175;0,6129
1011;26;;20,02;63,3175;0,6129
1012;26;;22,02;63,3175;0,6129
1013;26;;24,02;63,3175;0,6129
1014;26;;26,02;63,3175;0,6129
1015;26;;28,02;63,3175;0,6129
1016;26;;30,02;63,3175;0,6129
1017;26;;32,02;63,3175;0,6129
1018;26;;34,02;63,3175;0,6129
1019;26;;36,02;63,3175;0,6129
1020;26;;38,02;63,3175;0,6129
1021;26;;0,02;64,0836;1,2556
1022;26;;2,02;64,0836;1,2556
1023;26;;4,02;64,0836;1,2556
1024;26;;6,02;64,0836;1,2556
1025;26;;8,02;64,0836;1,2556
1026;26;;10,02;64,0836;1,2556
1027;26;;12,02;64,0836;1,2556
1028;26;;14,02;64,0836;1,2556
1029;26;;16,02;64,0836;1,2556
1030;26;;18,02;64,0836;1,2556
1031;26;;20,02;64,0836;1,2556
1032;26;;22,02;64,0836;1,2556
1033;26;;24,02;64,0836;1,2556
1034;26;;26,02;64,0836;1,2556
1035;26;;28,02;64,0836;1,2556
1036;26;;30,02;64,0836;1,2556
1037;26;;32,02;64,0836;1,2556
1038;26;;34,02;64,0836;1,2556
1039;26;;36,02;64,0836;1,2556
1040;26;;38,02;64,0836;1,2556
1041;27;;0,02;65,8496;0,6129
1042;27;;2,02;65,8496;0,6129
1043;27;;4,02;65,8496;0,6129
1044;27;;6,02;65,8496;0,6129
1045;27;;8,02;65,8496;0,6129
1046;27;;10,02;65,8496;0,6129
1047;27;;12,02;65,8496;0,6129
1048;27;;14,02;65,8496;0,6129
1049;27;;16,02;65,8496;0,6129
1050;27;;18,02;65,8496;0,6129
1051;27;;20,02;65,8496;0,6129
1052;27;;22,02;65,8496;0,6129
1053;27;;24,02;65,8496;0,6129
1054;27;;26,02;65,8496;0,6129
1055;27;;28,02;65,8496;0,6129
1056;27;;30,02;65,8496;0,6129
1057;27;;32,02;65,8496;0,6129
1058;27;;34,02;65,8496;0,6129
1059;27;;36,02;65,8496;0,6129
1060;27;;38,02;65,8496;0,6129
1061;27;;0,02;66,6157;1,2556
1062;27;;2,02;66,6157;1,2556
1063;27;;4,02;66,6157;1,2556
1064;27;;6,02;66,6157;1,2556
1065;27;;8,02;66,6157;1,2556
1066;27;;10,02;66,6157;1,2556
1067;27;;12,02;66,6157;1,2556
1068;27;;14,02;66,6157;1,2556
1069;27;;16,02;66,6157;1,2556
1070;27;;18,02;66,6157;1,2556
1071;27;;20,02;66,6157;1,2556
1072;27;;22,02;66,6157;1,2556
1073;27;;24,02;66,6157;1,2556
1074;27;;26,02;66,6157;1,2556
1075;27;;28,02;66,6157;1,2556
1076;27;;30,02;66,6157;1,2556
1077;27;;32,02;66,6157;1,2556
1078;27;;34,02;66,6157;1,2556
1079;27;;36,02;66,6157;1,2556
1080;27;;38,02;66,6157;1,2556
1081;28;;0,02;68,3817;0,6129
1082;28;;2,02;68,3817;0,6129
1083;28;;4,02;68,3817;0,6129
1084;28;;6,02;68,3817;0,6129
1085;28;;8,02;68,3817;0,6129
1086;28;;10,02;68,3817;0,6129
1087;28;;12,02;68,3817;0,6129
1088;28;;14,02;68,3817;0,6129
1089;28;;16,02;68,3817;0,6129
1090;28;;18,02;68,3817;0,6129
1091;28;;20,02;68,3817;0,6129
1092;28;;22,02;68,3817;0,6129
1093;28;;24,02;68,3817;0,6129
1094;28;;26,02;68,3817;0,6129
1095;28;;28,02;68,3817;0,6129
1096;28;;30,02;68,3817;0,6129
1097;28;;32,02;68,3817;0,6129
1098;28;;34,02;68,3817;0,6129
1099;28;;36,02;68,3817;0,6129
1100;28;;38,02;68,3817;0,6129
1101;28;;0,02;69,1478;1,2556
1102;28;;2,02;69,1478;1,2556
1103;28;;4,02;69,1478;1,2556
1104;28;;6,02;69,1478;1,2556
1105;28;;8,02;69,1478;1,2556
1106;28;;10,02;69,1478;1,2556
1107;28;;12,02;69,1478;1,2556
1108;28;;14,02;69,1478;1,2556
1109;28;;16,02;69,1478;1,2556
1110;28;;18,02;69,1478;1,2556
1111;28;;20,02;69,1478;1,2556
1112;28;;22,02;69,1478;1,2556
1113;28;;24,02;69,1478;1,2556
1114;28;;26,02;69,1478;1,2556
1115;28;;28,02;69,1478;1,2556
1116;28;;30,02;69,1478;1,2556
1117;28;;32,02;69,1478;1,2556
1118;28;;34,02;69,1478;1,2556
1119;28;;36,02;69,1478;1,2556
1120;28;;38,02;69,1478;1,2556
1121;29;;0,02;70,9138;0,6129
1122;29;;2,02;70,9138;0,6129
1123;29;;4,02;70,9138;0,6129
1124;29;;6,02;70,9138;0,6129
1125;29;;8,02;70,9138;0,6129
1126;29;;10,02;70,9138;0,6129
1127;29;;12,02;70,9138;0,6129
1128;29;;14,02;70,9138;0,6129
1129;29;;16,02;70,9138;0,6129
1130;29;;18,02;70,9138;0,6129
1131;29;;20,02;70,9138;0,6129
1132;29;;22,02;70,9138;0,6129
1133;29;;24,02;70,9138;0,6129
1134;29;;26,02;70,9138;0,6129
1135;29;;28,02;70,9138;0,6129
1136;29;;30,02;70,9138;0,6129
1137;29;;32,02;70,9138;0,6129
1138;29;;34,02;70,9138;0,6129
1139;29;;36,02;70,9138;0,6129
1140;29;;38,02;70,9138;0,6129
1141;29;;0,02;71,6799;1,2556
1142;29;;2,02;71,6799;1,2556
1143;29;;4,02;71,6799;1,2556
1144;29;;6,02;71,6799;1,2556
1145;29;;8,02;71,6799;1,2556
1146;29;;10,02;71,6799;1,2556
1147;29;;12,02;71,6799;1,2556
1148;29;;14,02;71,6799;1,2556
1149;29;;16,02;71,6799;1,2556
1150;29;;18,02;71,6799;1,2556
1151;29;;20,02;71,6799;1,2556
1152;29;;22,02;71,6799;1,2556
1153;29;;24,02;71,6799;1,2556
1154;29;;26,02;71,6799;1,2556
1155;29;;28,02;71,6799;1,2556
1156;29;;30,02;71,6799;1,2556
1157;29;;32,02;71,6799;1,2556
1158;29;;34,02;71,6799;1,2556
1159;29;;36,02;71,6799;1,2556
1160;29;;38,02;71,6799;1,2556
1161;30;;0,02;73,4459;0,6129
1162;30;;2,02;73,4459;0,6129
1163;30;;4,02;73,4459;0,6129
1164;30;;6,02;73,4459;0,6129
1165;30;;8,02;73,4459;0,6129
1166;30;;10,02;73,4459;0,6129
1167;30;;12,02;73,4459;0,6129
1168;30;;14,02;73,4459;0,6129
1169;30;;16,02;73,4459;0,6129
1170;30;;18,02;73,4459;0,6129
1171;30;;20,02;73,4459;0,6129
1172;30;;22,02;73,4459;0,6129
1173;30;;24,02;73,4459;0,6129
1174;30;;26,02;73,4459;0,6129
1175;30;;28,02;73,4459;0,6129
1176;30;;30,02;73,4459;0,6129
1177;30;;32,02;73,4459;0,6129
1178;30;;34,02;73,4459;0,6129
1179;30;;36,02;73,4459;0,6129
1180;30;;38,02;73,4459;0,6129
1181;30;;0,02;74,2119;1,2556
1182;30;;2,02;74,2119;1,2556
1183;30;;4,02;74,2119;1,2556
1184;30;;6,02;74,2119;1,2556
1185;30;;8,02;74,2119;1,2556
1186;30;;10,02;74,2119;1,2556
1187;30;;12,02;74,2119;1,2556
1188;30;;14,02;74,2119;1,2556
1189;30;;16,02;74,2119;1,2556
1190;30;;18,02;74,2119;1,2556
1191;30;;20,02;74,2119;1,2556
1192;30;;22,02;74,2119;1,2556
1193;30;;24,02;74,2119;1,2556
1194;30;;26,02;74,2119;1,2556
1195;30;;28,02;74,2119;1,2556
1196;30;;30,02;74,2119;1,2556
1197;30;;32,02;74,2119;1,2556
1198;30;;34,02;74,2119;1,2556
1199;30;;36,02;74,2119;1,2556
1200;30;;38,02;74,2119;1,2556
1201;31;;0,02;75,978;0,6129
1202;31;;2,02;75,978;0,6129
1203;31;;4,02;75,978;0,6129
1204;31;;6,02;75,978;0,6129
1205;31;;8,02;75,978;0,6129
1206;31;;10,02;75,978;0,6129
1207;31;;12,02;75,978;0,6129
1208;31;;14,02;75,978;0,6129
1209;31;;16,02;75,978;0,6129
1210;31;;18,02;75,978;0,6129
1211;31;;20,02;75,978;0,6129
1212;31;;22,02;75,978;0,6129
1213;31;;24,02;75,978;0,6129
1214;31;;26,02;75,978;0,6129
1215;31;;28,02;75,978;0,6129
1216;31;;30,02;75,978;0,6129
1217;31;;32,02;75,978;0,6129
1218;31;;34,02;75,978;0,6129
1219;31;;36,02;75,978;0,6129
1220;31;;38,02;75,978;0,6129
1221;31;;0,02;76,744;1,2556
1222;31;;2,02;76,744;1,2556
1223;31;;4,02;76,744;1,2556
1224;31;;6,02;76,744;1,2556
1225;31;;8,02;76,744;1,2556
1226;31;;10,02;76,744;1,2556
1227;31;;12,02;76,744;1,2556
1228;31;;14,02;76,744;1,2556
1229;31;;16,02;76,744;1,2556
1230;31;;18,02;76,744;1,2556
1231;31;;20,02;76,744;1,2556
1232;31;;22,02;76,744;1,2556
1233;31;;24,02;76,744;1,2556
1234;31;;26,02;76,744;1,2556
1235;31;;28,02;76,744;1,2556
1236;31;;30,02;76,744;1,2556
1237;31;;32,02;76,744;1,2556
1238;31;;34,02;76,744;1,2556
1239;31;;36,02;76,744;1,2556
1240;31;;38,02;76,744;1,2556
1241;32;;0,02;78,5101;0,6129
1242;32;;2,02;78,5101;0,6129
1243;32;;4,02;78,5101;0,6129
1244;32;;6,02;78,5101;0,6129
1245;32;;8,02;78,5101;0,6129
1246;32;;10,02;78,5101;0,6129
1247;32;;12,02;78,5101;0,6129
1248;32;;14,02;78,5101;0,6129
1249;32;;16,02;78,5101;0,6129
1250;32;;18,02;78,5101;0,6129
1251;32;;20,02;78,5101;0,6129
1252;32;;22,02;78,5101;0,6129
1253;32;;24,02;78,5101;0,6129
1254;32;;26,02;78,5101;0,6129
1255;32;;28,02;78,5101;0,6129
1256;32;;30,02;78,5101;0,6129
1257;32;;32,02;78,5101;0,6129
1258;32;;34,02;78,5101;0,6129
1259;32;;36,02;78,5101;0,6129
1260;32;;38,02;78,5101;0,6129
1261;32;;0,02;79,2761;1,2556
1262;32;;2,02;79,2761;1,2556
1263;32;;4,02;79,2761;1,2556
1264;32;;6,02;79,2761;1,2556
1265;32;;8,02;79,2761;1,2556
1266;32;;10,02;79,2761;1,2556
1267;32;;12,02;79,2761;1,2556
1268;32;;14,02;79,2761;1,2556
1269;32;;16,02;79,2761;1,2556
1270;32;;18,02;79,2761;1,2556
1271;32;;20,02;79,2761;1,2556
1272;32;;22,02;79,2761;1,2556
1273;32;;24,02;79,2761;1,2556
1274;32;;26,02;79,2761;1,2556
1275;32;;28,02;79,2761;1,2556
1276;32;;30,02;79,2761;1,2556
1277;32;;32,02;79,2761;1,2556
1278;32;;34,02;79,2761;1,2556
1279;32;;36,02;79,2761;1,2556
1280;32;;38,02;79,2761;1,2556
1281;33;;0,02;81,0422;0,6129
1282;33;;2,02;81,0422;0,6129
1283;33;;4,02;81,0422;0,6129
1284;33;;6,02;81,0422;0,6129
1285;33;;8,02;81,0422;0,6129
1286;33;;10,02;81,0422;0,6129
1287;33;;12,02;81,0422;0,6129
1288;33;;14,02;81,0422;0,6129
1289;33;;16,02;81,0422;0,6129
1290;33;;18,02;81,0422;0,6129
1291;33;;20,02;81,0422;0,6129
1292;33;;22,02;81,0422;0,6129
1293;33;;24,02;81,0422;0,6129
1294;33;;26,02;81,0422;0,6129
1295;33;;28,02;81,0422;0,6129
1296;33;;30,02;81,0422;0,6129
1297;33;;32,02;81,0422;0,6129
1298;33;;34,02;81,0422;0,6129
1299;33;;36,02;81,0422;0,6129
1300;33;;38,02;81,0422;0,6129
1301;33;;0,02;81,8082;1,2556
1302;33;;2,02;81,8082;1,2556
1303;33;;4,02;81,8082;1,2556
1304;33;;6,02;81,8082;1,2556
1305;33;;8,02;81,8082;1,2556
1306;33;;10,02;81,8082;1,2556
1307;33;;12,02;81,8082;1,2556
1308;33;;14,02;81,8082;1,2556
1309;33;;16,02;81,8082;1,2556
1310;33;;18,02;81,8082;1,2556
1311;33;;20,02;81,8082;1,2556
1312;33;;22,02;81,8082;1,2556
1313;33;;24,02;81,8082;1,2556
1314;33;;26,02;81,8082;1,2556
1315;33;;28,02;81,8082;1,2556
1316;33;;30,02;81,8082;1,2556
1317;33;;32,02;81,8082;1,2556
1318;33;;34,02;81,8082;1,2556
1319;33;;36,02;81,8082;1,2556
1320;33;;38,02;81,8082;1,2556
1321;34;;0,02;83,5743;0,6129
1322;34;;2,02;83,5743;0,6129
1323;34;;4,02;83,5743;0,6129
1324;34;;6,02;83,5743;0,6129
1325;34;;8,02;83,5743;0,6129
1326;34;;10,02;83,5743;0,6129
1327;34;;12,02;83,5743;0,6129
1328;34;;14,02;83,5743;0,6129
1329;34;;16,02;83,5743;0,6129
1330;34;;18,02;83,5743;0,6129
1331;34;;20,02;83,5743;0,6129
1332;34;;22,02;83,5743;0,6129
1333;34;;24,02;83,5743;0,6129
1334;34;;26,02;83,5743;0,6129
1335;34;;28,02;83,5743;0,6129
1336;34;;30,02;83,5743;0,6129
1337;34;;32,02;83,5743;0,6129
1338;34;;34,02;83,5743;0,6129
1339;34;;36,02;83,5743;0,6129
1340;34;;38,02;83,5743;0,6129
1341;34;;0,02;84,3403;1,2556
1342;34;;2,02;84,3403;1,2556
1343;34;;4,02;84,3403;1,2556
1344;34;;6,02;84,3403;1,2556
1345;34;;8,02;84,3403;1,2556
1346;34;;10,02;84,3403;1,2556
1347;34;;12,02;84,3403;1,2556
1348;34;;14,02;84,3403;1,2556
1349;34;;16,02;84,3403;1,2556
1350;34;;18,02;84,3403;1,2556
1351;34;;20,02;84,3403;1,2556
1352;34;;22,02;84,3403;1,2556
1353;34;;24,02;84,3403;1,2556
1354;34;;26,02;84,3403;1,2556
1355;34;;28,02;84,3403;1,2556
1356;34;;30,02;84,3403;1,2556
1357;34;;32,02;84,3403;1,2556
1358;34;;34,02;84,3403;1,2556
1359;34;;36,02;84,3403;1,2556
1360;34;;38,02;84,3403;1,2556
1361;35;;0,02;86,1063;0,6129
1362;35;;2,02;86,1063;0,6129
1363;35;;4,02;86,1063;0,6129
1364;35;;6,02;86,1063;0,6129
1365;35;;8,02;86,1063;0,6129
1366;35;;10,02;86,1063;0,6129
1367;35;;12,02;86,1063;0,6129
1368;35;;14,02;86,1063;0,6129
1369;35;;16,02;86,1063;0,6129
1370;35;;18,02;86,1063;0,6129
1371;35;;20,02;86,1063;0,6129
1372;35;;22,02;86,1063;0,6129
1373;35;;24,02;86,1063;0,6129
1374;35;;26,02;86,1063;0,6129
1375;35;;28,02;86,1063;0,6129
1376;35;;30,02;86,1063;0,6129
1377;35;;32,02;86,1063;0,6129
1378;35;;34,02;86,1063;0,6129
1379;35;;36,02;86,1063;0,6129
1380;35;;38,02;86,1063;0,6129
1381;35;;0,02;86,8724;1,2556
1382;35;;2,02;86,8724;1,2556
1383;35;;4,02;86,8724;1,2556
1384;35;;6,02;86,8724;1,2556
1385;35;;8,02;86,8724;1,2556
1386;35;;10,02;86,8724;1,2556
1387;35;;12,02;86,8724;1,2556
1388;35;;14,02;86,8724;1,2556
1389;35;;16,02;86,8724;1,2556
1390;35;;18,02;86,8724;1,2556
1391;35;;20,02;86,8724;1,2556
1392;35;;22,02;86,8724;1,2556
1393;35;;24,02;86,8724;1,2556
1394;35;;26,02;86,8724;1,2556
1395;35;;28,02;86,8724;1,2556
1396;35;;30,02;86,8724;1,2556
1397;35;;32,02;86,8724;1,2556
1398;35;;34,02;86,8724;1,2556
1399;35;;36,02;86,8724;1,2556
1400;35;;38,02;86,8724;1,2556
1401;36;;0,02;88,6384;0,6129
1402;36;;2,02;88,6384;0,6129
1403;36;;4,02;88,6384;0,6129
1404;36;;6,02;88,6384;0,6129
1405;36;;8,02;88,6384;0,6129
1406;36;;10,02;88,6384;0,6129
1407;36;;12,02;88,6384;0,6129
1408;36;;14,02;88,6384;0,6129
1409;36;;16,02;88,6384;0,6129
1410;36;;18,02;88,6384;0,6129
1411;36;;20,02;88,6384;0,6129
1412;36;;22,02;88,6384;0,6129
1413;36;;24,02;88,6384;0,6129
1414;36;;26,02;88,6384;0,6129
1415;36;;28,02;88,6384;0,6129
1416;36;;30,02;88,6384;0,6129
1417;36;;32,02;88,6384;0,6129
1418;36;;34,02;88,6384;0,6129
1419;36;;36,02;88,6384;0,6129
1420;36;;38,02;88,6384;0,6129
1421;36;;0,02;89,4045;1,2556
1422;36;;2,02;89,4045;1,2556
1423;36;;4,02;89,4045;1,2556
1424;36;;6,02;89,4045;1,2556
1425;36;;8,02;89,4045;1,2556
1426;36;;10,02;89,4045;1,2556
1427;36;;12,02;89,4045;1,2556
1428;36;;14,02;89,4045;1,2556
1429;36;;16,02;89,4045;1,2556
1430;36;;18,02;89,4045;1,2556
1431;36;;20,02;89,4045;1,2556
1432;36;;22,02;89,4045;1,2556
1433;36;;24,02;89,4045;1,2556
1434;36;;26,02;89,4045;1,2556
1435;36;;28,02;89,4045;1,2556
1436;36;;30,02;89,4045;1,2556
1437;36;;32,02;89,4045;1,2556
1438;36;;34,02;89,4045;1,2556
1439;36;;36,02;89,4045;1,2556
1440;36;;38,02;89,4045;1,2556
1441;37;;0,02;91,1705;0,6129
1442;37;;2,02;91,1705;0,6129
1443;37;;4,02;91,1705;0,6129
1444;37;;6,02;91,1705;0,6129
1445;37;;8,02;91,1705;0,6129
1446;37;;10,02;91,1705;0,6129
1447;37;;12,02;91,1705;0,6129
1448;37;;14,02;91,1705;0,6129
1449;37;;16,02;91,1705;0,6129
1450;37;;18,02;91,1705;0,6129
1451;37;;20,02;91,1705;0,6129
1452;37;;22,02;91,1705;0,6129
1453;37;;24,02;91,1705;0,6129
1454;37;;26,02;91,1705;0,6129
1455;37;;28,02;91,1705;0,6129
1456;37;;30,02;91,1705;0,6129
1457;37;;32,02;91,1705;0,6129
1458;37;;34,02;91,1705;0,6129
1459;37;;36,02;91,1705;0,6129
1460;37;;38,02;91,1705;0,6129
1461;37;;0,02;91,9366;1,2556
1462;37;;2,02;91,9366;1,2556
1463;37;;4,02;91,9366;1,2556
1464;37;;6,02;91,9366;1,2556
1465;37;;8,02;91,9366;1,2556
1466;37;;10,02;91,9366;1,2556
1467;37;;12,02;91,9366;1,2556
1468;37;;14,02;91,9366;1,2556
1469;37;;16,02;91,9366;1,2556
1470;37;;18,02;91,9366;1,2556
1471;37;;20,02;91,9366;1,2556
1472;37;;22,02;91,9366;1,2556
1473;37;;24,02;91,9366;1,2556
1474;37;;26,02;91,9366;1,2556
1475;37;;28,02;91,9366;1,2556
1476;37;;30,02;91,9366;1,2556
1477;37;;32,02;91,9366;1,2556
1478;37;;34,02;91,9366;1,2556
1479;37;;36,02;91,9366;1,2556
1480;37;;38,02;91,9366;1,2556
1481;38;;0,02;93,7026;0,6129
1482;38;;2,02;93,7026;0,6129
1483;38;;4,02;93,7026;0,6129
1484;38;;6,02;93,7026;0,6129
1485;38;;8,02;93,7026;0,6129
1486;38;;10,02;93,7026;0,6129
1487;38;;12,02;93,7026;0,6129
1488;38;;14,02;93,7026;0,6129
1489;38;;16,02;93,7026;0,6129
1490;38;;18,02;93,7026;0,6129
1491;38;;20,02;93,7026;0,6129
1492;38;;22,02;93,7026;0,6129
1493;38;;24,02;93,7026;0,6129
1494;38;;26,02;93,7026;0,6129
1495;38;;28,02;93,7026;0,6129
1496;38;;30,02;93,7026;0,6129
1497;38;;32,02;93,7026;0,6129
1498;38;;34,02;93,7026;0,6129
1499;38;;36,02;93,7026;0,6129
1500;38;;38,02;93,7026;0,6129
1501;38;;0,02;94,4687;1,2556
1502;38;;2,02;94,4687;1,2556
1503;38;;4,02;94,4687;1,2556
1504;38;;6,02;94,4687;1,2556
1505;38;;8,02;94,4687;1,2556
1506;38;;10,02;94,4687;1,2556
1507;38;;12,02;94,4687;1,2556
1508;38;;14,02;94,4687;1,2556
1509;38;;16,02;94,4687;1,2556
1510;38;;18,02;94,4687;1,2556
1511;38;;20,02;94,4687;1,2556
1512;38;;22,02;94,4687;1,2556
1513;38;;24,02;94,4687;1,2556
1514;38;;26,02;94,4687;1,2556
1515;38;;28,02;94,4687;1,2556
1516;38;;30,02;94,4687;1,2556
1517;38;;32,02;94,4687;1,2556
1518;38;;34,02;94,4687;1,2556
1519;38;;36,02;94,4687;1,2556
1520;38;;38,02;94,4687;1,2556
1521;39;;0,02;96,2347;0,6129
1522;39;;2,02;96,2347;0,6129
1523;39;;4,02;96,2347;0,6129
1524;39;;6,02;96,2347;0,6129
1525;39;;8,02;96,2347;0,6129
1526;39;;10,02;96,2347;0,6129
1527;39;;12,02;96,2347;0,6129
1528;39;;14,02;96,2347;0,6129
1529;39;;16,02;96,2347;0,6129
1530;39;;18,02;96,2347;0,6129
1531;39;;20,02;96,2347;0,6129
1532;39;;22,02;96,2347;0,6129
1533;39;;24,02;96,2347;0,6129
1534;39;;26,02;96,2347;0,6129
1535;39;;28,02;96,2347;0,6129
1536;39;;30,02;96,2347;0,6129
1537;39;;32,02;96,2347;0,6129
1538;39;;34,02;96,2347;0,6129
1539;39;;36,02;96,2347;0,6129
1540;39;;38,02;96,2347;0,6129
1541;39;;0,02;97,0007;1,2556
1542;39;;2,02;97,0007;1,2556
1543;39;;4,02;97,0007;1,2556
1544;39;;6,02;97,0007;1,2556
1545;39;;8,02;97,0007;1,2556
1546;39;;10,02;97,0007;1,2556
1547;39;;12,02;97,0007;1,2556
1548;39;;14,02;97,0007;1,2556
1549;39;;16,02;97,0007;1,2556
1550;39;;18,02;97,0007;1,2556
1551;39;;20,02;97,0007;1,2556
1552;39;;22,02;97,0007;1,2556
1553;39;;24,02;97,0007;1,2556
1554;39;;26,02;97,0007;1,2556
1555;39;;28,02;97,0007;1,2556
1556;39;;30,02;97,0007;1,2556
1557;39;;32,02;97,0007;1,2556
1558;39;;34,02;97,0007;1,2556
1559;39;;36,02;97,0007;1,2556
1560;39;;38,02;97,0007;1,2556
1561;40;;0,02;98,7668;0,6129
1562;40;;2,02;98,7668;0,6129
1563;40;;4,02;98,7668;0,6129
1564;40;;6,02;98,7668;0,6129
1565;40;;8,02;98,7668;0,6129
1566;40;;10,02;98,7668;0,6129
1567;40;;12,02;98,7668;0,6129
1568;40;;14,02;98,7668;0,6129
1569;40;;16,02;98,7668;0,6129
1570;40;;18,02;98,7668;0,6129
1571;40;;20,02;98,7668;0,6129
1572;40;;22,02;98,7668;0,6129
1573;40;;24,02;98,7668;0,6129
1574;40;;26,02;98,7668;0,6129
1575;40;;28,02;98,7668;0,6129
1576;40;;30,02;98,7668;0,6129
1577;40;;32,02;98,7668;0,6129
1578;40;;34,02;98,7668;0,6129
1579;40;;36,02;98,7668;0,6129
1580;40;;38,02;98,7668;0,6129
1581;40;;0,02;99,5328;1,2556
1582;40;;2,02;99,5328;1,2556
1583;40;;4,02;99,5328;1,2556
1584;40;;6,02;99,5328;1,2556
1585;40;;8,02;99,5328;1,2556
1586;40;;10,02;99,5328;1,2556
1587;40;;12,02;99,5328;1,2556
1588;40;;14,02;99,5328;1,2556
1589;40;;16,02;99,5328;1,2556
1590;40;;18,02;99,5328;1,2556
1591;40;;20,02;99,5328;1,2556
1592;40;;22,02;99,5328;1,2556
1593;40;;24,02;99,5328;1,2556
1594;40;;26,02;99,5328;1,2556
1595;40;;28,02;99,5328;1,2556
1596;40;;30,02;99,5328;1,2556
1597;40;;32,02;99,5328;1,2556
1598;40;;34,02;99,5328;1,2556
1599;40;;36,02;99,5328;1,2556
1600;40;;38,02;99,5328;1,2556
1601;41;;0,02;101,2989;0,6129
1602;41;;2,02;101,2989;0,6129
1603;41;;4,02;101,2989;0,6129
1604;41;;6,02;101,2989;0,6129
1605;41;;8,02;101,2989;0,6129
1606;41;;10,02;101,2989;0,6129
1607;41;;12,02;101,2989;0,6129
1608;41;;14,02;101,2989;0,6129
1609;41;;16,02;101,2989;0,6129
1610;41;;18,02;101,2989;0,6129
1611;41;;20,02;101,2989;0,6129
1612;41;;22,02;101,2989;0,6129
1613;41;;24,02;101,2989;0,6129
1614;41;;26,02;101,2989;0,6129
1615;41;;28,02;101,2989;0,6129
1616;41;;30,02;101,2989;0,6129
1617;41;;32,02;101,2989;0,6129
1618;41;;34,02;101,2989;0,6129
1619;41;;36,02;101,2989;0,6129
1620;41;;38,02;101,2989;0,6129
1621;41;;0,02;102,0649;1,2556
1622;41;;2,02;102,0649;1,2556
1623;41;;4,02;102,0649;1,2556
1624;41;;6,02;102,0649;1,2556
1625;41;;8,02;102,0649;1,2556
1626;41;;10,02;102,0649;1,2556
1627;41;;12,02;102,0649;1,2556
1628;41;;14,02;102,0649;1,2556
1629;41;;16,02;102,0649;1,2556
1630;41;;18,02;102,0649;1,2556
1631;41;;20,02;102,0649;1,2556
1632;41;;22,02;102,0649;1,2556
1633;41;;24,02;102,0649;1,2556
1634;41;;26,02;102,0649;1,2556
1635;41;;28,02;102,0649;1,2556
1636;41;;30,02;102,0649;1,2556
1637;41;;32,02;102,0649;1,2556
1638;41;;34,02;102,0649;1,2556
1639;41;;36,02;102,0649;1,2556
1640;41;;38,02;102,0649;1,2556
1641;42;;0,02;103,831;0,6129
1642;42;;2,02;103,831;0,6129
1643;42;;4,02;103,831;0,6129
1644;42;;6,02;103,831;0,6129
1645;42;;8,02;103,831;0,6129
1646;42;;10,02;103,831;0,6129
1647;42;;12,02;103,831;0,6129
1648;42;;14,02;103,831;0,6129
1649;42;;16,02;103,831;0,6129
1650;42;;18,02;103,831;0,6129
1651;42;;20,02;103,831;0,6129
1652;42;;22,02;103,831;0,6129
1653;42;;24,02;103,831;0,6129
1654;42;;26,02;103,831;0,6129
1655;42;;28,02;103,831;0,6129
1656;42;;30,02;103,831;0,6129
1657;42;;32,02;103,831;0,6129
1658;42;;34,02;103,831;0,6129
1659;42;;36,02;103,831;0,6129
1660;42;;38,02;103,831;0,6129
1661;42;;0,02;104,597;1,2556
1662;42;;2,02;104,597;1,2556
1663;42;;4,02;104,597;1,2556
1664;42;;6,02;104,597;1,2556
1665;42;;8,02;104,597;1,2556
1666;42;;10,02;104,597;1,2556
1667;42;;12,02;104,597;1,2556
1668;42;;14,02;104,597;1,2556
1669;42;;16,02;104,597;1,2556
1670;42;;18,02;104,597;1,2556
1671;42;;20,02;104,597;1,2556
1672;42;;22,02;104,597;1,2556
1673;42;;24,02;104,597;1,2556
1674;42;;26,02;104,597;1,2556
1675;42;;28,02;104,597;1,2556
1676;42;;30,02;104,597;1,2556
1677;42;;32,02;104,597;1,2556
1678;42;;34,02;104,597;1,2556
1679;42;;36,02;104,597;1,2556
1680;42;;38,02;104,597;1,2556
1681;43;;0,02;106,3631;0,6129
1682;43;;2,02;106,3631;0,6129
1683;43;;4,02;106,3631;0,6129
1684;43;;6,02;106,3631;0,6129
1685;43;;8,02;106,3631;0,6129
1686;43;;10,02;106,3631;0,6129
1687;43;;12,02;106,3631;0,6129
1688;43;;14,02;106,3631;0,6129
1689;43;;16,02;106,3631;0,6129
1690;43;;18,02;106,3631;0,6129
1691;43;;20,02;106,3631;0,6129
1692;43;;22,02;106,3631;0,6129
1693;43;;24,02;106,3631;0,6129
1694;43;;26,02;106,3631;0,6129
1695;43;;28,02;106,3631;0,6129
1696;43;;30,02;106,3631;0,6129
1697;43;;32,02;106,3631;0,6129
1698;43;;34,02;106,3631;0,6129
1699;43;;36,02;106,3631;0,6129
1700;43;;38,02;106,3631;0,6129
1701;43;;0,02;107,1291;1,2556
1702;43;;2,02;107,1291;1,2556
1703;43;;4,02;107,1291;1,2556
1704;43;;6,02;107,1291;1,2556
1705;43;;8,02;107,1291;1,2556
1706;43;;10,02;107,1291;1,2556
1707;43;;12,02;107,1291;1,2556
1708;43;;14,02;107,1291;1,2556
1709;43;;16,02;107,1291;1,2556
1710;43;;18,02;107,1291;1,2556
1711;43;;20,02;107,1291;1,2556
1712;43;;22,02;107,1291;1,2556
1713;43;;24,02;107,1291;1,2556
1714;43;;26,02;107,1291;1,2556
1715;43;;28,02;107,1291;1,2556
1716;43;;30,02;107,1291;1,2556
1717;43;;32,02;107,1291;1,2556
1718;43;;34,02;107,1291;1,2556
1719;43;;36,02;107,1291;1,2556
1720;43;;38,02;107,1291;1,2556
1721;44;;0,02;108,8951;0,6129
1722;44;;2,02;108,8951;0,6129
1723;44;;4,02;108,8951;0,6129
1724;44;;6,02;108,8951;0,6129
1725;44;;8,02;108,8951;0,6129
1726;44;;10,02;108,8951;0,6129
1727;44;;12,02;108,8951;0,6129
1728;44;;14,02;108,8951;0,6129
1729;44;;16,02;108,8951;0,6129
1730;44;;18,02;108,8951;0,6129
1731;44;;20,02;108,8951;0,6129
1732;44;;22,02;108,8951;0,6129
1733;44;;24,02;108,8951;0,6129
1734;44;;26,02;108,8951;0,6129
1735;44;;28,02;108,8951;0,6129
1736;44;;30,02;108,8951;0,6129
1737;44;;32,02;108,8951;0,6129
1738;44;;34,02;108,8951;0,6129
1739;44;;36,02;108,8951;0,6129
1740;44;;38,02;108,8951;0,6129
1741;44;;0,02;109,6612;1,2556
1742;44;;2,02;109,6612;1,2556
1743;44;;4,02;109,6612;1,2556
1744;44;;6,02;109,6612;1,2556
1745;44;;8,02;109,6612;1,2556
1746;44;;10,02;109,6612;1,2556
1747;44;;12,02;109,6612;1,2556
1748;44;;14,02;109,6612;1,2556
1749;44;;16,02;109,6612;1,2556
1750;44;;18,02;109,6612;1,2556
1751;44;;20,02;109,6612;1,2556
1752;44;;22,02;109,6612;1,2556
1753;44;;24,02;109,6612;1,2556
1754;44;;26,02;109,6612;1,2556
1755;44;;28,02;109,6612;1,2556
1756;44;;30,02;109,6612;1,2556
1757;44;;32,02;109,6612;1,2556
1758;44;;34,02;109,6612;1,2556
1759;44;;36,02;109,6612;1,2556
1760;44;;38,02;109,6612;1,2556
1761;45;;0,02;111,4272;0,6129
1762;45;;2,02;111,4272;0,6129
1763;45;;4,02;111,4272;0,6129
1764;45;;6,02;111,4272;0,6129
1765;45;;8,02;111,4272;0,6129
1766;45;;10,02;111,4272;0,6129
1767;45;;12,02;111,4272;0,6129
1768;45;;14,02;111,4272;0,6129
1769;45;;16,02;111,4272;0,6129
1770;45;;18,02;111,4272;0,6129
1771;45;;20,02;111,4272;0,6129
1772;45;;22,02;111,4272;0,6129
1773;45;;24,02;111,4272;0,6129
1774;45;;26,02;111,4272;0,6129
1775;45;;28,02;111,4272;0,6129
1776;45;;30,02;111,4272;0,6129
1777;45;;32,02;111,4272;0,6129
1778;45;;34,02;111,4272;0,6129
1779;45;;36,02;111,4272;0,6129
1780;45;;38,02;111,4272;0,6129
1781;45;;0,02;112,1933;1,2556
1782;45;;2,02;112,1933;1,2556
1783;45;;4,02;112,1933;1,2556
1784;45;;6,02;112,1933;1,2556
1785;45;;8,02;112,1933;1,2556
1786;45;;10,02;112,1933;1,2556
1787;45;;12,02;112,1933;1,2556
1788;45;;14,02;112,1933;1,2556
1789;45;;16,02;112,1933;1,2556
1790;45;;18,02;112,1933;1,2556
1791;45;;20,02;112,1933;1,2556
1792;45;;22,02;112,1933;1,2556
1793;45;;24,02;112,1933;1,2556
1794;45;;26,02;112,1933;1,2556
1795;45;;28,02;112,1933;1,2556
1796;45;;30,02;112,1933;1,2556
1797;45;;32,02;112,1933;1,2556
1798;45;;34,02;112,1933;1,2556
1799;45;;36,02;112,1933;1,2556
1800;45;;38,02;112,1933;1,2556
1801;46;;0,02;113,9593;0,6129
1802;46;;2,02;113,9593;0,6129
1803;46;;4,02;113,9593;0,6129
1804;46;;6,02;113,9593;0,6129
1805;46;;8,02;113,9593;0,6129
1806;46;;10,02;113,9593;0,6129
1807;46;;12,02;113,9593;0,6129
1808;46;;14,02;113,9593;0,6129
1809;46;;16,02;113,9593;0,6129
1810;46;;18,02;113,9593;0,6129
1811;46;;20,02;113,9593;0,6129
1812;46;;22,02;113,9593;0,6129
1813;46;;24,02;113,9593;0,6129
1814;46;;26,02;113,9593;0,6129
1815;46;;28,02;113,9593;0,6129
1816;46;;30,02;113,9593;0,6129
1817;46;;32,02;113,9593;0,6129
1818;46;;34,02;113,9593;0,6129
1819;46;;36,02;113,9593;0,6129
1820;46;;38,02;113,9593;0,6129
1821;46;;0,02;114,7254;1,2556
1822;46;;2,02;114,7254;1,2556
1823;46;;4,02;114,7254;1,2556
1824;46;;6,02;114,7254;1,2556
1825;46;;8,02;114,7254;1,2556
1826;46;;10,02;114,7254;1,2556
1827;46;;12,02;114,7254;1,2556
1828;46;;14,02;114,7254;1,2556
1829;46;;16,02;114,7254;1,2556
1830;46;;18,02;114,7254;1,2556
1831;46;;20,02;114,7254;1,2556
1832;46;;22,02;114,7254;1,2556
1833;46;;24,02;114,7254;1,2556
1834;46;;26,02;114,7254;1,2556
1835;46;;28,02;114,7254;1,2556
1836;46;;30,02;114,7254;1,2556
1837;46;;32,02;114,7254;1,2556
1838;46;;34,02;114,7254;1,2556
1839;46;;36,02;114,7254;1,2556
1840;46;;38,02;114,7254;1,2556
1841;47;;0,02;116,4914;0,6129
1842;47;;2,02;116,4914;0,6129
1843;47;;4,02;116,4914;0,6129
1844;47;;6,02;116,4914;0,6129
1845;47;;8,02;116,4914;0,6129
1846;47;;10,02;116,4914;0,6129
1847;47;;12,02;116,4914;0,6129
1848;47;;14,02;116,4914;0,6129
1849;47;;16,02;116,4914;0,6129
1850;47;;18,02;116,4914;0,6129
1851;47;;20,02;116,4914;0,6129
1852;47;;22,02;116,4914;0,6129
1853;47;;24,02;116,4914;0,6129
1854;47;;26,02;116,4914;0,6129
1855;47;;28,02;116,4914;0,6129
1856;47;;30,02;116,4914;0,6129
1857;47;;32,02;116,4914;0,6129
1858;47;;34,02;116,4914;0,6129
1859;47;;36,02;116,4914;0,6129
1860;47;;38,02;116,4914;0,6129
1861;47;;0,02;117,2575;1,2556
1862;47;;2,02;117,2575;1,2556
1863;47;;4,02;117,2575;1,2556
1864;47;;6,02;117,2575;1,2556
1865;47;;8,02;117,2575;1,2556
1866;47;;10,02;117,2575;1,2556
1867;47;;12,02;117,2575;1,2556
1868;47;;14,02;117,2575;1,2556
1869;47;;16,02;117,2575;1,2556
1870;47;;18,02;117,2575;1,2556
1871;47;;20,02;117,2575;1,2556
1872;47;;22,02;117,2575;1,2556
1873;47;;24,02;117,2575;1,2556
1874;47;;26,02;117,2575;1,2556
1875;47;;28,02;117,2575;1,2556
1876;47;;30,02;117,2575;1,2556
1877;47;;32,02;117,2575;1,2556
1878;47;;34,02;117,2575;1,2556
1879;47;;36,02;117,2575;1,2556
1880;47;;38,02;117,2575;1,2556
1881;48;;0,02;119,0235;0,6129
1882;48;;2,02;119,0235;0,6129
1883;48;;4,02;119,0235;0,6129
1884;48;;6,02;119,0235;0,6129
1885;48;;8,02;119,0235;0,6129
1886;48;;10,02;119,0235;0,6129
1887;48;;12,02;119,0235;0,6129
1888;48;;14,02;119,0235;0,6129
1889;48;;16,02;119,0235;0,6129
1890;48;;18,02;119,0235;0,6129
1891;48;;20,02;119,0235;0,6129
1892;48;;22,02;119,0235;0,6129
1893;48;;24,02;119,0235;0,6129
1894;48;;26,02;119,0235;0,6129
1895;48;;28,02;119,0235;0,6129
1896;48;;30,02;119,0235;0,6129
1897;48;;32,02;119,0235;0,6129
1898;48;;34,02;119,0235;0,6129
1899;48;;36,02;119,0235;0,6129
1900;48;;38,02;119,0235;0,6129
1901;48;;0,02;119,7895;1,2556
1902;48;;2,02;119,7895;1,2556
1903;48;;4,02;119,7895;1,2556
1904;48;;6,02;119,7895;1,2556
1905;48;;8,02;119,7895;1,2556
1906;48;;10,02;119,7895;1,2556
1907;48;;12,02;119,7895;1,2556
1908;48;;14,02;119,7895;1,2556
1909;48;;16,02;119,7895;1,2556
1910;48;;18,02;119,7895;1,2556
1911;48;;20,02;119,7895;1,2556
1912;48;;22,02;119,7895;1,2556
1913;48;;24,02;119,7895;1,2556
1914;48;;26,02;119,7895;1,2556
1915;48;;28,02;119,7895;1,2556
1916;48;;30,02;119,7895;1,2556
1917;48;;32,02;119,7895;1,2556
1918;48;;34,02;119,7895;1,2556
1919;48;;36,02;119,7895;1,2556
1920;48;;38,02;119,7895;1,2556
1921;49;;0,02;121,5556;0,6129
1922;49;;2,02;121,5556;0,6129
1923;49;;4,02;121,5556;0,6129
1924;49;;6,02;121,5556;0,6129
1925;49;;8,02;121,5556;0,6129
1926;49;;10,02;121,5556;0,6129
1927;49;;12,02;121,5556;0,6129
1928;49;;14,02;121,5556;0,6129
1929;49;;16,02;121,5556;0,6129
1930;49;;18,02;121,5556;0,6129
1931;49;;20,02;121,5556;0,6129
1932;49;;22,02;121,5556;0,6129
1933;49;;24,02;121,5556;0,6129
1934;49;;26,02;121,5556;0,6129
1935;49;;28,02;121,5556;0,6129
1936;49;;30,02;121,5556;0,6129
1937;49;;32,02;121,5556;0,6129
1938;49;;34,02;121,5556;0,6129
1939;49;;36,02;121,5556;0,6129
1940;49;;38,02;121,5556;0,6129
1941;49;;0,02;122,3216;1,2556
1942;49;;2,02;122,3216;1,2556
1943;49;;4,02;122,3216;1,2556
1944;49;;6,02;122,3216;1,2556
1945;49;;8,02;122,3216;1,2556
1946;49;;10,02;122,3216;1,2556
1947;49;;12,02;122,3216;1,2556
1948;49;;14,02;122,3216;1,2556
1949;49;;16,02;122,3216;1,2556
1950;49;;18,02;122,3216;1,2556
1951;49;;20,02;122,3216;1,2556
1952;49;;22,02;122,3216;1,2556
1953;49;;24,02;122,3216;1,2556
1954;49;;26,02;122,3216;1,2556
1955;49;;28,02;122,3216;1,2556
1956;49;;30,02;122,3216;1,2556
1957;49;;32,02;122,3216;1,2556
1958;49;;34,02;122,3216;1,2556
1959;49;;36,02;122,3216;1,2556
1960;49;;38,02;122,3216;1,2556
1961;50;;0,02;124,0877;0,6129
1962;50;;2,02;124,0877;0,6129
1963;50;;4,02;124,0877;0,6129
1964;50;;6,02;124,0877;0,6129
1965;50;;8,02;124,0877;0,6129
1966;50;;10,02;124,0877;0,6129
1967;50;;12,02;124,0877;0,6129
1968;50;;14,02;124,0877;0,6129
1969;50;;16,02;124,0877;0,6129
1970;50;;18,02;124,0877;0,6129
1971;50;;20,02;124,0877;0,6129
1972;50;;22,02;124,0877;0,6129
1973;50;;24,02;124,0877;0,6129
1974;50;;26,02;124,0877;0,6129
1975;50;;28,02;124,0877;0,6129
1976;50;;30,02;124,0877;0,6129
1977;50;;32,02;124,0877;0,6129
1978;50;;34,02;124,0877;0,6129
1979;50;;36,02;124,0877;0,6129
1980;50;;38,02;124,0877;0,6129
1981;50;;0,02;124,8537;1,2556
1982;50;;2,02;124,8537;1,2556
1983;50;;4,02;124,8537;1,2556
1984;50;;6,02;124,8537;1,2556
1985;50;;8,02;124,8537;1,2556
1986;50;;10,02;124,8537;1,2556
1987;50;;12,02;124,8537;1,2556
1988;50;;14,02;124,8537;1,2556
1989;50;;16,02;124,8537;1,2556
1990;50;;18,02;124,8537;1,2556
1991;50;;20,02;124,8537;1,2556
1992;50;;22,02;124,8537;1,2556
1993;50;;24,02;124,8537;1,2556
1994;50;;26,02;124,8537;1,2556
1995;50;;28,02;124,8537;1,2556
1996;50;;30,02;124,8537;1,2556
1997;50;;32,02;124,8537;1,2556
1998;50;;34,02;124,8537;1,2556
1999;50;;36,02;124,8537;1,2556
2000;50;;38,02;124,8537;1,2556
